Layer00,Layer01,Layer02,Layer03,Layer10,Layer11,Layer12,Layer20,Layer21,Layer22,bais
-2.7728956,-9.821632,-0.62748504,-3.7497783,-0.2751006,2.2178278,-11.217785,4.329141,-5.8036714,-12.099609,-0.9204763
-3.5127645,-1.8519042,-0.7176547,1.6577301,-1.5033185,-0.87304544,3.1039371,,,,7.018791
8.798071,-5.6339273,4.975687,-6.924565,-1.304964,0.46958637,-6.950438,,,,-3.9754963
,,,,,,,,,,
