Layer00,Layer01,Layer02,Layer03,Layer10,Layer11,Layer12,Layer13,bais
0.98694384,-0.36740148,0.76620877,-0.04237628,0.43006194,-0.8714528,-0.71355927,-0.28166938,0.0036696196
-0.65941703,-0.71251,0.92413783,-0.6187664,,,,,0.42583406
-0.7321204,0.09225476,-0.8338753,-0.62802076,,,,,
0.9571487,-0.38625777,0.4447142,0.34215248,,,,,
