Layer0,Layer1,Layer2,bais
3.4685402,6.1580124,4.395027,0.47051525
9.896381,0.11097193,5.788892,-16.002014
1.2676724,1.7857648,7.1439614,0.38229942
-1.3207521,4.8897657,-5.3023667,
-9.851614,6.4350395,,
-1.017973,-5.0855165,,
-1.7675376,-5.4927707,,
2.5865436,-5.6499643,,
9.803251,-1.8901983,,
4.506245,-6.6349006,,
-6.269963,-3.6372302,,
6.711687,-3.052654,,
-7.1936297,-0.57327414,,
3.4414692,-0.5688288,,
9.208319,8.639261,,
-0.089084804,-2.1624599,,
